{"results/video": {"_type": "video-file", "sha256": "1af9aa269068de97df88dea241626240363770e3bb1521df7b425e66845e7603", "size": 280231, "path": "media/videos/results/video_1099983_1af9aa269068de97df88.mp4", "width": 256, "height": 256}, "_timestamp": 1713494977.8697503, "eval/episode_reward": 162.26499938964844, "eval/episode_success": 0.0, "eval/step": 1100520, "eval/episode": 3337, "eval/total_time": 184290.8075568676, "_runtime": 190671.00121235847, "_step": 1140466, "train/episode_reward": 883.082763671875, "train/episode_success": 0.0, "train/step": 1140466, "train/episode": 3463, "train/total_time": 190664.69292593002, "results/return": 883.082763671875, "results/episode_length": 1000, "results/success": 0.0, "results/success_subtasks": 0.0, "train/consistency_loss": 5.739129846915603e-05, "train/reward_loss": 0.2823631763458252, "train/value_loss": 0.31448566913604736, "train/pi_loss": -6.217281341552734, "train/total_loss": 0.060832712799310684, "train/grad_norm": 0.04057525843381882, "train/pi_scale": 13.798431396484375, "_wandb": {"runtime": 190681}}